{"cameraMode":{"drawMode":0,"name":"Shaded","section":"Shading Mode"},"sceneLighting":true,"audioPlay":false,"sceneViewState":{"showFog":true,"showMaterialUpdate":false,"showSkybox":true,"showFlares":true,"showImageEffects":true,"showParticleSystems":true},"in2DMode":false,"pivot":{"x":-36.983306884765628,"y":35.9774284362793,"z":-0.38991260528564455},"rotation":{"x":-0.3076242208480835,"y":-0.4398301839828491,"z":0.16345463693141938,"w":-0.8277798295021057},"size":13.43917179107666,"orthographic":false}