{"cameraMode":{"drawMode":0,"name":"Shaded","section":"Shading Mode"},"sceneLighting":true,"audioPlay":false,"sceneViewState":{"showFog":true,"showMaterialUpdate":false,"showSkybox":true,"showFlares":true,"showImageEffects":true,"showParticleSystems":true},"in2DMode":false,"pivot":{"x":277.66888427734377,"y":525.3635864257813,"z":-453.8359069824219},"rotation":{"x":0.14497406780719758,"y":0.013357208110392094,"z":-0.0019573441240936519,"w":0.9893458485603333},"size":0.8660253882408142,"orthographic":false}